{
    "Bahdanau": {
        "test_loss": 3.286935567855835,
        "test_ppl": 26.7607314302597,
        "bleu": 0.28499647974967957,
        "rouge": 0.5889357328414917
    },
    "Luong": {
        "test_loss": 3.417341858148575,
        "test_ppl": 30.48826508141644,
        "bleu": 0.24382013082504272,
        "rouge": 0.5488771200180054
    },
    "Scaled": {
        "test_loss": 3.389864221215248,
        "test_ppl": 29.66192453686764,
        "bleu": 0.2820187211036682,
        "rouge": 0.5797281861305237
    }
}